GAME_ID,HOME_TEAM_ID,HOME_TEAM_ABR,AWAY_TEAM_ID,AWAY_TEAM_ABR,HOME_WIN_PROB,AWAY_WIN_PROB,PREDICTED_HOME_WIN
0022500275,1610612755,PHI,1610612748,MIA,0.40141474535633104,0.5985852546436693,0
0022500276,1610612737,ATL,1610612766,UNK,0.7032738193655281,0.2967261806344712,1
0022500277,1610612738,BOS,1610612753,ORL,0.7659792567692097,0.23402074323079067,1
0022500278,1610612739,CLE,1610612746,LAC,0.6633652396448306,0.33663476035516937,1
0022500279,1610612761,TOR,1610612751,BKN,0.668464993937148,0.3315350060628527,1
0022500280,1610612760,OKC,1610612757,POR,0.8006214977870143,0.19937850221298628,1
0022500281,1610612756,PHX,1610612759,SAS,0.5243623062224091,0.4756376937775908,1
0022500282,1610612762,UTA,1610612747,LAL,0.3750984993937969,0.6249015006062029,0
